,cost,reduced_scenario_5,probability_5,reduced_scenario_10,probability_10,reduced_scenario_15,probability_15,reduced_scenario_20,probability_20,reduced_scenario_30,probability_30
0,1.8868568890408783,409.0,0.0,409.0,0.0,256.0,0.0,256.0,0.0,385.0,0.0
1,1.8879181970322623,409.0,0.0,409.0,0.0,256.0,0.0,256.0,0.0,385.0,0.0
2,1.922656089319987,371.0,0.0,371.0,0.0,371.0,0.0,371.0,0.0,371.0,0.0
3,1.832701784459681,375.0,0.0,375.0,0.0,375.0,0.0,375.0,0.0,375.0,0.0
4,1.8098643944451416,375.0,0.0,15.0,0.0,15.0,0.0,15.0,0.0,15.0,0.0
5,1.881762950703741,363.0,0.0,363.0,0.0,256.0,0.0,256.0,0.0,256.0,0.0
6,1.9441959953451295,371.0,0.0,371.0,0.0,6.0,0.022000000000000006,6.0,0.014,6.0,0.006
7,1.8333890944131448,375.0,0.0,375.0,0.0,375.0,0.0,375.0,0.0,375.0,0.0
8,1.8392191508521911,375.0,0.0,443.0,0.0,443.0,0.0,443.0,0.0,443.0,0.0
9,1.8715086103554595,363.0,0.0,210.0,0.0,210.0,0.0,210.0,0.0,207.0,0.0
10,1.8645540850224886,216.0,0.0,210.0,0.0,210.0,0.0,210.0,0.0,198.0,0.0
11,1.8013066319544877,375.0,0.0,15.0,0.0,66.0,0.0,66.0,0.0,66.0,0.0
12,1.8855194015648107,409.0,0.0,409.0,0.0,256.0,0.0,256.0,0.0,256.0,0.0
13,1.9025219517291667,409.0,0.0,38.0,0.0,38.0,0.0,436.0,0.0,436.0,0.0
14,1.8586935950626358,216.0,0.0,216.0,0.0,216.0,0.0,216.0,0.0,319.0,0.0
15,1.8114682694620707,375.0,0.0,15.0,0.08800000000000001,15.0,0.048,15.0,0.024000000000000007,15.0,0.024000000000000007
16,1.8731539503554657,363.0,0.0,363.0,0.0,363.0,0.0,363.0,0.0,207.0,0.0
17,1.8373468073007693,375.0,0.0,443.0,0.0,443.0,0.0,443.0,0.0,443.0,0.0
18,1.8701872785600495,363.0,0.0,210.0,0.0,210.0,0.0,210.0,0.0,207.0,0.0
19,1.8587181664724701,216.0,0.0,216.0,0.0,216.0,0.0,216.0,0.0,319.0,0.0
20,1.8317913251465994,375.0,0.0,375.0,0.0,375.0,0.0,375.0,0.0,375.0,0.0
21,1.8532826423763331,216.0,0.0,216.0,0.0,36.0,0.0,36.0,0.0,36.0,0.0
22,1.833315435511364,375.0,0.0,375.0,0.0,375.0,0.0,375.0,0.0,375.0,0.0
23,1.8579914377355848,216.0,0.0,216.0,0.0,216.0,0.0,216.0,0.0,319.0,0.0
24,1.8461800575779606,216.0,0.0,157.0,0.0,157.0,0.0,157.0,0.0,157.0,0.0
25,1.9063622276298262,409.0,0.0,38.0,0.0,38.0,0.0,38.0,0.0,38.0,0.0
26,1.7686606879523028,375.0,0.0,15.0,0.0,66.0,0.0,26.0,0.004,26.0,0.004
27,1.847499302417956,216.0,0.0,157.0,0.0,157.0,0.0,157.0,0.0,157.0,0.0
28,1.8688788837177535,363.0,0.0,210.0,0.0,210.0,0.0,210.0,0.0,210.0,0.0
29,1.8997704138569937,409.0,0.0,409.0,0.0,409.0,0.0,436.0,0.0,436.0,0.0
30,1.8675748928742189,216.0,0.0,210.0,0.0,210.0,0.0,210.0,0.0,210.0,0.0
31,1.860782856690943,216.0,0.0,216.0,0.0,216.0,0.0,216.0,0.0,216.0,0.0
32,1.9102185548214845,371.0,0.0,38.0,0.0,38.0,0.0,38.0,0.0,38.0,0.0
33,1.8923355059380318,409.0,0.0,409.0,0.0,409.0,0.0,409.0,0.0,409.0,0.0
34,1.882183868380027,363.0,0.0,363.0,0.0,256.0,0.0,256.0,0.0,256.0,0.0
35,1.8319286147324019,375.0,0.0,375.0,0.0,375.0,0.0,375.0,0.0,375.0,0.0
36,1.8533185721709513,216.0,0.0,216.0,0.0,36.0,0.07800000000000001,36.0,0.07800000000000001,36.0,0.04400000000000001
37,1.8652010215768373,216.0,0.0,210.0,0.0,210.0,0.0,210.0,0.0,198.0,0.0
38,1.9070729465871135,409.0,0.0,38.0,0.05,38.0,0.05,38.0,0.04400000000000001,38.0,0.038000000000000006
39,1.8801170844630157,363.0,0.0,363.0,0.0,256.0,0.0,256.0,0.0,399.0,0.0
40,1.836014620528644,375.0,0.0,443.0,0.0,443.0,0.0,443.0,0.0,443.0,0.0
41,1.8690578617157438,363.0,0.0,210.0,0.0,210.0,0.0,210.0,0.0,210.0,0.0
42,1.8398582969068413,375.0,0.0,443.0,0.0,443.0,0.0,443.0,0.0,443.0,0.0
43,1.8052926359688892,375.0,0.0,15.0,0.0,15.0,0.0,15.0,0.0,15.0,0.0
44,1.8710356122033487,363.0,0.0,210.0,0.0,210.0,0.0,210.0,0.0,207.0,0.0
45,1.8142206972280972,375.0,0.0,15.0,0.0,15.0,0.0,15.0,0.0,15.0,0.0
46,1.8388661348437914,375.0,0.0,443.0,0.0,443.0,0.0,443.0,0.0,443.0,0.0
47,1.8899546872127977,409.0,0.0,409.0,0.0,409.0,0.0,409.0,0.0,385.0,0.0
48,1.8674983484187009,216.0,0.0,210.0,0.0,210.0,0.0,210.0,0.0,210.0,0.0
49,1.8311551739562548,375.0,0.0,375.0,0.0,375.0,0.0,375.0,0.0,375.0,0.0
50,1.8431335636021196,375.0,0.0,157.0,0.0,157.0,0.0,298.0,0.0,298.0,0.0
51,1.8402955819881575,375.0,0.0,443.0,0.0,443.0,0.0,298.0,0.0,298.0,0.0
52,1.8553909322565647,216.0,0.0,216.0,0.0,36.0,0.0,36.0,0.0,36.0,0.0
53,1.8338780083415878,375.0,0.0,375.0,0.0,375.0,0.0,375.0,0.0,375.0,0.0
54,1.8900280895509824,409.0,0.0,409.0,0.0,409.0,0.0,409.0,0.0,385.0,0.0
55,1.8357663112384912,375.0,0.0,443.0,0.0,443.0,0.0,443.0,0.0,443.0,0.0
56,1.8831167920849552,363.0,0.0,363.0,0.0,256.0,0.0,256.0,0.0,256.0,0.0
57,1.8269495788675154,375.0,0.0,375.0,0.0,68.0,0.0,68.0,0.0,282.0,0.0
58,1.9097385854022964,371.0,0.0,38.0,0.0,38.0,0.0,38.0,0.0,38.0,0.0
59,1.8395068966991035,375.0,0.0,443.0,0.0,443.0,0.0,443.0,0.0,443.0,0.0
60,1.8661112695844393,216.0,0.0,210.0,0.0,210.0,0.0,210.0,0.0,198.0,0.0
61,1.8410908373241415,375.0,0.0,443.0,0.0,443.0,0.0,298.0,0.0,298.0,0.0
62,1.8401998302230815,375.0,0.0,443.0,0.0,443.0,0.0,298.0,0.0,298.0,0.0
63,1.8368038625791856,375.0,0.0,443.0,0.0,443.0,0.0,443.0,0.0,443.0,0.0
64,1.9095623147185767,371.0,0.0,38.0,0.0,38.0,0.0,38.0,0.0,38.0,0.0
65,1.8375736681392367,375.0,0.0,443.0,0.0,443.0,0.0,443.0,0.0,443.0,0.0
66,1.7973398817161845,375.0,0.0,15.0,0.0,66.0,0.02800000000000001,66.0,0.024000000000000007,66.0,0.024000000000000007
67,1.8235848604569147,375.0,0.0,375.0,0.0,68.0,0.0,68.0,0.0,68.0,0.0
68,1.8250205388405882,375.0,0.0,375.0,0.0,68.0,0.066,68.0,0.05600000000000001,68.0,0.032
69,1.8609325720118903,216.0,0.0,216.0,0.0,216.0,0.0,216.0,0.0,216.0,0.0
70,1.885356226918312,409.0,0.0,409.0,0.0,256.0,0.0,256.0,0.0,256.0,0.0
71,1.8436519415748296,375.0,0.0,157.0,0.0,157.0,0.0,298.0,0.0,298.0,0.0
72,1.8981866349727745,409.0,0.0,409.0,0.0,409.0,0.0,436.0,0.0,436.0,0.0
73,1.8753638467843932,363.0,0.0,363.0,0.0,363.0,0.0,363.0,0.0,363.0,0.0
74,1.8683593375704444,363.0,0.0,210.0,0.0,210.0,0.0,210.0,0.0,210.0,0.0
75,1.8626191093928224,216.0,0.0,216.0,0.0,216.0,0.0,216.0,0.0,198.0,0.0
76,1.8456105702455239,375.0,0.0,157.0,0.0,157.0,0.0,157.0,0.0,157.0,0.0
77,1.8423778157058086,375.0,0.0,157.0,0.0,157.0,0.0,298.0,0.0,298.0,0.0
78,1.8096555754563082,375.0,0.0,15.0,0.0,15.0,0.0,15.0,0.0,15.0,0.0
79,1.8556994765850974,216.0,0.0,216.0,0.0,36.0,0.0,36.0,0.0,319.0,0.0
80,1.8433498975612448,375.0,0.0,157.0,0.0,157.0,0.0,298.0,0.0,298.0,0.0
81,1.9101786348323126,371.0,0.0,38.0,0.0,38.0,0.0,38.0,0.0,38.0,0.0
82,1.8505059047420578,216.0,0.0,157.0,0.0,36.0,0.0,36.0,0.0,217.0,0.0
83,1.8834109939783668,363.0,0.0,363.0,0.0,256.0,0.0,256.0,0.0,256.0,0.0
84,1.9153343048873395,371.0,0.0,371.0,0.0,371.0,0.0,371.0,0.0,87.0,0.0
85,1.8859184638189985,409.0,0.0,409.0,0.0,256.0,0.0,256.0,0.0,256.0,0.0
86,1.8092369854573773,375.0,0.0,15.0,0.0,15.0,0.0,15.0,0.0,15.0,0.0
87,1.9146036740398866,371.0,0.0,371.0,0.0,371.0,0.0,371.0,0.0,87.0,0.012
88,1.8817418164787945,363.0,0.0,363.0,0.0,256.0,0.0,256.0,0.0,256.0,0.0
89,1.854633480501971,216.0,0.0,216.0,0.0,36.0,0.0,36.0,0.0,36.0,0.0
90,1.8818389173861756,363.0,0.0,363.0,0.0,256.0,0.0,256.0,0.0,256.0,0.0
91,1.917131603547154,371.0,0.0,371.0,0.0,371.0,0.0,371.0,0.0,87.0,0.0
92,1.841975400309566,375.0,0.0,443.0,0.0,443.0,0.0,298.0,0.0,298.0,0.0
93,1.8680916168071755,216.0,0.0,210.0,0.0,210.0,0.0,210.0,0.0,210.0,0.0
94,1.8691714518028446,363.0,0.0,210.0,0.0,210.0,0.0,210.0,0.0,210.0,0.0
95,1.8822922068861336,363.0,0.0,363.0,0.0,256.0,0.0,256.0,0.0,256.0,0.0
96,1.8798296823787422,363.0,0.0,363.0,0.0,363.0,0.0,363.0,0.0,399.0,0.0
97,1.874182875313943,363.0,0.0,363.0,0.0,363.0,0.0,363.0,0.0,363.0,0.0
98,1.8396590679488738,375.0,0.0,443.0,0.0,443.0,0.0,443.0,0.0,443.0,0.0
99,1.8702437197309343,363.0,0.0,210.0,0.0,210.0,0.0,210.0,0.0,207.0,0.0
100,1.8173739999378768,375.0,0.0,15.0,0.0,15.0,0.0,496.0,0.0,496.0,0.0
101,1.8944305812144968,409.0,0.0,409.0,0.0,409.0,0.0,409.0,0.0,409.0,0.0
102,1.83179385250983,375.0,0.0,375.0,0.0,375.0,0.0,375.0,0.0,375.0,0.0
103,1.9185323006266677,371.0,0.0,371.0,0.0,371.0,0.0,371.0,0.0,371.0,0.0
104,1.809688206365954,375.0,0.0,15.0,0.0,15.0,0.0,15.0,0.0,15.0,0.0
105,1.8291231197541609,375.0,0.0,375.0,0.0,375.0,0.0,375.0,0.0,282.0,0.0
106,1.858364465827146,216.0,0.0,216.0,0.0,216.0,0.0,216.0,0.0,319.0,0.0
107,1.8473676272228123,216.0,0.0,157.0,0.0,157.0,0.0,157.0,0.0,157.0,0.0
108,1.8544780357309438,216.0,0.0,216.0,0.0,36.0,0.0,36.0,0.0,36.0,0.0
109,1.8428163151271617,375.0,0.0,157.0,0.0,157.0,0.0,298.0,0.0,298.0,0.0
110,1.857849763906657,216.0,0.0,216.0,0.0,216.0,0.0,216.0,0.0,319.0,0.0
111,1.8532141142027532,216.0,0.0,216.0,0.0,36.0,0.0,36.0,0.0,36.0,0.0
112,1.9356932610637285,371.0,0.0,371.0,0.0,6.0,0.0,6.0,0.0,112.0,0.012
113,1.8954510120387495,409.0,0.0,409.0,0.0,409.0,0.0,409.0,0.0,409.0,0.0
114,1.8789926879645722,363.0,0.0,363.0,0.0,363.0,0.0,363.0,0.0,399.0,0.0
115,1.837776581532518,375.0,0.0,443.0,0.0,443.0,0.0,443.0,0.0,443.0,0.0
116,1.9067866071918487,409.0,0.0,38.0,0.0,38.0,0.0,38.0,0.0,38.0,0.0
117,1.88278621052826,363.0,0.0,363.0,0.0,256.0,0.0,256.0,0.0,256.0,0.0
118,1.8750796487268442,363.0,0.0,363.0,0.0,363.0,0.0,363.0,0.0,363.0,0.0
119,1.8646136649205511,216.0,0.0,210.0,0.0,210.0,0.0,210.0,0.0,198.0,0.0
120,1.887040510044069,409.0,0.0,409.0,0.0,256.0,0.0,256.0,0.0,385.0,0.0
121,1.8426164337502078,375.0,0.0,157.0,0.0,157.0,0.0,298.0,0.0,298.0,0.0
122,1.8388489599009163,375.0,0.0,443.0,0.0,443.0,0.0,443.0,0.0,443.0,0.0
123,1.8040710927198762,375.0,0.0,15.0,0.0,66.0,0.0,66.0,0.0,66.0,0.0
124,1.8570669235660153,216.0,0.0,216.0,0.0,216.0,0.0,216.0,0.0,319.0,0.0
125,1.8510957381681254,216.0,0.0,157.0,0.0,36.0,0.0,36.0,0.0,217.0,0.0
126,1.8430134716126054,375.0,0.0,157.0,0.0,157.0,0.0,298.0,0.0,298.0,0.0
127,1.866975089932259,216.0,0.0,210.0,0.0,210.0,0.0,210.0,0.0,210.0,0.0
128,1.8780430952243674,363.0,0.0,363.0,0.0,363.0,0.0,363.0,0.0,399.0,0.0
129,1.8694261609538514,363.0,0.0,210.0,0.0,210.0,0.0,210.0,0.0,210.0,0.0
130,1.8529380004387541,216.0,0.0,157.0,0.0,36.0,0.0,36.0,0.0,36.0,0.0
131,1.8226977283400547,375.0,0.0,375.0,0.0,68.0,0.0,68.0,0.0,68.0,0.0
132,1.8207355996149377,375.0,0.0,15.0,0.0,68.0,0.0,496.0,0.0,496.0,0.0
133,1.9017544049616844,409.0,0.0,38.0,0.0,38.0,0.0,436.0,0.0,436.0,0.0
134,1.8940456543730038,409.0,0.0,409.0,0.0,409.0,0.0,409.0,0.0,409.0,0.0
135,1.879900153108868,363.0,0.0,363.0,0.0,363.0,0.0,363.0,0.0,399.0,0.0
136,1.8541017555523438,216.0,0.0,216.0,0.0,36.0,0.0,36.0,0.0,36.0,0.0
137,1.8802956598688576,363.0,0.0,363.0,0.0,256.0,0.0,256.0,0.0,399.0,0.0
138,1.878962470701347,363.0,0.0,363.0,0.0,363.0,0.0,363.0,0.0,399.0,0.0
139,1.8195394658612787,375.0,0.0,15.0,0.0,68.0,0.0,496.0,0.0,496.0,0.0
140,1.8698302343638564,363.0,0.0,210.0,0.0,210.0,0.0,210.0,0.0,207.0,0.0
141,1.8676348963692044,216.0,0.0,210.0,0.0,210.0,0.0,210.0,0.0,210.0,0.0
142,1.851061029469422,216.0,0.0,157.0,0.0,36.0,0.0,36.0,0.0,217.0,0.0
143,1.930607287390603,371.0,0.0,371.0,0.0,371.0,0.0,371.0,0.0,112.0,0.0
144,1.8688807340084468,363.0,0.0,210.0,0.0,210.0,0.0,210.0,0.0,210.0,0.0
145,1.8790954421955162,363.0,0.0,363.0,0.0,363.0,0.0,363.0,0.0,399.0,0.0
146,1.815619482027384,375.0,0.0,15.0,0.0,15.0,0.0,496.0,0.0,496.0,0.0
147,1.8324088591254517,375.0,0.0,375.0,0.0,375.0,0.0,375.0,0.0,375.0,0.0
148,1.8726430096815223,363.0,0.0,363.0,0.0,363.0,0.0,363.0,0.0,207.0,0.0
149,1.8350474621029242,375.0,0.0,443.0,0.0,443.0,0.0,443.0,0.0,443.0,0.0
150,1.8298555855321212,375.0,0.0,375.0,0.0,375.0,0.0,375.0,0.0,282.0,0.0
151,1.8695580112033443,363.0,0.0,210.0,0.0,210.0,0.0,210.0,0.0,210.0,0.0
152,1.8345927124133656,375.0,0.0,375.0,0.0,375.0,0.0,375.0,0.0,375.0,0.0
153,1.8529228503194721,216.0,0.0,157.0,0.0,36.0,0.0,36.0,0.0,36.0,0.0
154,1.8561835960391448,216.0,0.0,216.0,0.0,36.0,0.0,36.0,0.0,319.0,0.0
155,1.8877923236979677,409.0,0.0,409.0,0.0,256.0,0.0,256.0,0.0,385.0,0.0
156,1.8750789059203226,363.0,0.0,363.0,0.0,363.0,0.0,363.0,0.0,363.0,0.0
157,1.8460894732480784,216.0,0.0,157.0,0.112,157.0,0.07800000000000001,157.0,0.052000000000000005,157.0,0.030000000000000013
158,1.8393812834789776,375.0,0.0,443.0,0.0,443.0,0.0,443.0,0.0,443.0,0.0
159,1.9638562974397342,371.0,0.0,371.0,0.0,6.0,0.0,159.0,0.008,159.0,0.006
160,1.8265678335724016,375.0,0.0,375.0,0.0,68.0,0.0,68.0,0.0,282.0,0.0
161,1.8778506284130674,363.0,0.0,363.0,0.0,363.0,0.0,363.0,0.0,399.0,0.0
162,1.8598354255437566,216.0,0.0,216.0,0.0,216.0,0.0,216.0,0.0,216.0,0.0
163,1.935278984799752,371.0,0.0,371.0,0.0,6.0,0.0,6.0,0.0,112.0,0.0
164,1.8660903879936601,216.0,0.0,210.0,0.0,210.0,0.0,210.0,0.0,198.0,0.0
165,1.840841958698915,375.0,0.0,443.0,0.0,443.0,0.0,298.0,0.0,298.0,0.0
166,1.8549477682796514,216.0,0.0,216.0,0.0,36.0,0.0,36.0,0.0,36.0,0.0
167,1.817005865010621,375.0,0.0,15.0,0.0,15.0,0.0,496.0,0.0,496.0,0.0
168,1.8660787046015606,216.0,0.0,210.0,0.0,210.0,0.0,210.0,0.0,198.0,0.0
169,1.8476568877109503,216.0,0.0,157.0,0.0,157.0,0.0,157.0,0.0,157.0,0.0
170,1.855159075124628,216.0,0.0,216.0,0.0,36.0,0.0,36.0,0.0,36.0,0.0
171,1.8436929905382953,375.0,0.0,157.0,0.0,157.0,0.0,298.0,0.0,298.0,0.0
172,1.8032563599644211,375.0,0.0,15.0,0.0,66.0,0.0,66.0,0.0,66.0,0.0
173,1.8494968111237773,216.0,0.0,157.0,0.0,157.0,0.0,157.0,0.0,217.0,0.0
174,1.8608067728922661,216.0,0.0,216.0,0.0,216.0,0.0,216.0,0.0,216.0,0.0
175,1.8589905709513168,216.0,0.0,216.0,0.0,216.0,0.0,216.0,0.0,216.0,0.0
176,1.8839438482458357,363.0,0.0,363.0,0.0,256.0,0.0,256.0,0.0,256.0,0.0
177,1.8353472487485538,375.0,0.0,443.0,0.0,443.0,0.0,443.0,0.0,443.0,0.0
178,1.8373634038341549,375.0,0.0,443.0,0.0,443.0,0.0,443.0,0.0,443.0,0.0
179,1.909861690106267,371.0,0.0,38.0,0.0,38.0,0.0,38.0,0.0,38.0,0.0
180,1.8974578103186914,409.0,0.0,409.0,0.0,409.0,0.0,436.0,0.0,436.0,0.0
181,1.8319820504402333,375.0,0.0,375.0,0.0,375.0,0.0,375.0,0.0,375.0,0.0
182,1.8511075793472824,216.0,0.0,157.0,0.0,36.0,0.0,36.0,0.0,217.0,0.0
183,1.839733280111213,375.0,0.0,443.0,0.0,443.0,0.0,443.0,0.0,443.0,0.0
184,1.8938173744160247,409.0,0.0,409.0,0.0,409.0,0.0,409.0,0.0,409.0,0.0
185,1.9037328471106185,409.0,0.0,38.0,0.0,38.0,0.0,38.0,0.0,38.0,0.0
186,1.8439446227541283,375.0,0.0,157.0,0.0,157.0,0.0,298.0,0.0,298.0,0.0
187,1.8757206222744334,363.0,0.0,363.0,0.0,363.0,0.0,363.0,0.0,363.0,0.0
188,1.8653287053148269,216.0,0.0,210.0,0.0,210.0,0.0,210.0,0.0,198.0,0.0
189,1.8411180564250702,375.0,0.0,443.0,0.0,443.0,0.0,298.0,0.0,298.0,0.0
190,1.8413765829106596,375.0,0.0,443.0,0.0,443.0,0.0,298.0,0.0,298.0,0.0
191,1.8767293348598355,363.0,0.0,363.0,0.0,363.0,0.0,363.0,0.0,363.0,0.0
192,1.8465442841980075,216.0,0.0,157.0,0.0,157.0,0.0,157.0,0.0,157.0,0.0
193,1.831211454008017,375.0,0.0,375.0,0.0,375.0,0.0,375.0,0.0,375.0,0.0
194,1.88504758062679,363.0,0.0,363.0,0.0,256.0,0.0,256.0,0.0,256.0,0.0
195,1.8216133839067585,375.0,0.0,375.0,0.0,68.0,0.0,68.0,0.0,68.0,0.0
196,1.8376943642257368,375.0,0.0,443.0,0.0,443.0,0.0,443.0,0.0,443.0,0.0
197,1.8730649518899125,363.0,0.0,363.0,0.0,363.0,0.0,363.0,0.0,207.0,0.0
198,1.8643076675746202,216.0,0.0,210.0,0.0,210.0,0.0,210.0,0.0,198.0,0.04600000000000001
199,1.8562524221900536,216.0,0.0,216.0,0.0,36.0,0.0,36.0,0.0,319.0,0.0
200,1.895837702695272,409.0,0.0,409.0,0.0,409.0,0.0,409.0,0.0,409.0,0.0
201,1.8127152368173993,375.0,0.0,15.0,0.0,15.0,0.0,15.0,0.0,15.0,0.0
202,1.849074578369848,216.0,0.0,157.0,0.0,157.0,0.0,157.0,0.0,217.0,0.0
203,1.8383245999895228,375.0,0.0,443.0,0.0,443.0,0.0,443.0,0.0,443.0,0.0
204,1.814423500505519,375.0,0.0,15.0,0.0,15.0,0.0,496.0,0.0,496.0,0.0
205,1.8688635170486116,363.0,0.0,210.0,0.0,210.0,0.0,210.0,0.0,210.0,0.0
206,1.8691160739192405,363.0,0.0,210.0,0.0,210.0,0.0,210.0,0.0,210.0,0.0
207,1.871097993906936,363.0,0.0,210.0,0.0,210.0,0.0,210.0,0.0,207.0,0.04200000000000001
208,1.8163083295604028,375.0,0.0,15.0,0.0,15.0,0.0,496.0,0.0,496.0,0.0
209,1.891722392932574,409.0,0.0,409.0,0.0,409.0,0.0,409.0,0.0,385.0,0.0
210,1.8682100991728228,216.0,0.0,210.0,0.10200000000000001,210.0,0.10200000000000001,210.0,0.10200000000000001,210.0,0.05
211,1.8648831398001602,216.0,0.0,210.0,0.0,210.0,0.0,210.0,0.0,198.0,0.0
212,1.891700708320568,409.0,0.0,409.0,0.0,409.0,0.0,409.0,0.0,385.0,0.0
213,1.8199600418827315,375.0,0.0,15.0,0.0,68.0,0.0,496.0,0.0,496.0,0.0
214,1.8459809053487561,375.0,0.0,157.0,0.0,157.0,0.0,157.0,0.0,157.0,0.0
215,1.8356100647762994,375.0,0.0,443.0,0.0,443.0,0.0,443.0,0.0,443.0,0.0
216,1.8603273013107953,216.0,0.268,216.0,0.138,216.0,0.09400000000000001,216.0,0.09400000000000001,216.0,0.04600000000000001
217,1.8498509230173656,216.0,0.0,157.0,0.0,36.0,0.0,36.0,0.0,217.0,0.04400000000000001
218,1.9069122798265208,409.0,0.0,38.0,0.0,38.0,0.0,38.0,0.0,38.0,0.0
219,1.8575709645682743,216.0,0.0,216.0,0.0,216.0,0.0,216.0,0.0,319.0,0.0
220,1.8988611646032147,409.0,0.0,409.0,0.0,409.0,0.0,436.0,0.0,436.0,0.0
221,1.8481074915535243,216.0,0.0,157.0,0.0,157.0,0.0,157.0,0.0,217.0,0.0
222,1.8625484001829045,216.0,0.0,216.0,0.0,216.0,0.0,216.0,0.0,198.0,0.0
223,1.841876244152255,375.0,0.0,443.0,0.0,443.0,0.0,298.0,0.0,298.0,0.0
224,1.8360719202640166,375.0,0.0,443.0,0.0,443.0,0.0,443.0,0.0,443.0,0.0
225,1.8010653533305336,375.0,0.0,15.0,0.0,66.0,0.0,66.0,0.0,66.0,0.0
226,1.8637956381836422,216.0,0.0,216.0,0.0,216.0,0.0,216.0,0.0,198.0,0.0
227,1.8580553359777752,216.0,0.0,216.0,0.0,216.0,0.0,216.0,0.0,319.0,0.0
228,1.8181400192522825,375.0,0.0,15.0,0.0,15.0,0.0,496.0,0.0,496.0,0.0
229,1.832358208220449,375.0,0.0,375.0,0.0,375.0,0.0,375.0,0.0,375.0,0.0
230,1.8286440306443765,375.0,0.0,375.0,0.0,375.0,0.0,375.0,0.0,282.0,0.0
231,1.8232718634075475,375.0,0.0,375.0,0.0,68.0,0.0,68.0,0.0,68.0,0.0
232,1.828421694996306,375.0,0.0,375.0,0.0,375.0,0.0,375.0,0.0,282.0,0.0
233,1.8527913986491253,216.0,0.0,157.0,0.0,36.0,0.0,36.0,0.0,36.0,0.0
234,1.9060757688573418,409.0,0.0,38.0,0.0,38.0,0.0,38.0,0.0,38.0,0.0
235,1.897553801906643,409.0,0.0,409.0,0.0,409.0,0.0,436.0,0.0,436.0,0.0
236,1.8652342034451377,216.0,0.0,210.0,0.0,210.0,0.0,210.0,0.0,198.0,0.0
237,1.8596883932851247,216.0,0.0,216.0,0.0,216.0,0.0,216.0,0.0,216.0,0.0
238,1.8609593600018974,216.0,0.0,216.0,0.0,216.0,0.0,216.0,0.0,216.0,0.0
239,1.8704118990552607,363.0,0.0,210.0,0.0,210.0,0.0,210.0,0.0,207.0,0.0
240,1.8780782545080614,363.0,0.0,363.0,0.0,363.0,0.0,363.0,0.0,399.0,0.0
241,1.8394717776038638,375.0,0.0,443.0,0.0,443.0,0.0,443.0,0.0,443.0,0.0
242,1.9010305648175847,409.0,0.0,38.0,0.0,38.0,0.0,436.0,0.0,436.0,0.0
243,1.8647761070954196,216.0,0.0,210.0,0.0,210.0,0.0,210.0,0.0,198.0,0.0
244,1.8669090298641204,216.0,0.0,210.0,0.0,210.0,0.0,210.0,0.0,210.0,0.0
245,1.9200003581564964,371.0,0.0,371.0,0.0,371.0,0.0,371.0,0.0,371.0,0.0
246,1.9003296575151774,409.0,0.0,409.0,0.0,409.0,0.0,436.0,0.0,436.0,0.0
247,1.8476654142762574,216.0,0.0,157.0,0.0,157.0,0.0,157.0,0.0,157.0,0.0
248,1.8193650078774457,375.0,0.0,15.0,0.0,68.0,0.0,496.0,0.0,496.0,0.0
249,1.8838945640303868,363.0,0.0,363.0,0.0,256.0,0.0,256.0,0.0,256.0,0.0
250,1.8270907548242241,375.0,0.0,375.0,0.0,68.0,0.0,68.0,0.0,282.0,0.0
251,1.9136365853651394,371.0,0.0,38.0,0.0,38.0,0.0,38.0,0.0,87.0,0.0
252,1.8077833592681039,375.0,0.0,15.0,0.0,15.0,0.0,15.0,0.0,15.0,0.0
253,1.8494825328599611,216.0,0.0,157.0,0.0,157.0,0.0,157.0,0.0,217.0,0.0
254,1.856705298115128,216.0,0.0,216.0,0.0,36.0,0.0,36.0,0.0,319.0,0.0
255,1.8380187251724054,375.0,0.0,443.0,0.0,443.0,0.0,443.0,0.0,443.0,0.0
256,1.8836019487839017,363.0,0.0,363.0,0.0,256.0,0.07200000000000001,256.0,0.07200000000000001,256.0,0.04600000000000001
257,1.8613116205532552,216.0,0.0,216.0,0.0,216.0,0.0,216.0,0.0,216.0,0.0
258,1.8254183128386,375.0,0.0,375.0,0.0,68.0,0.0,68.0,0.0,68.0,0.0
259,1.8720425481091802,363.0,0.0,210.0,0.0,210.0,0.0,210.0,0.0,207.0,0.0
260,1.8481713077811748,216.0,0.0,157.0,0.0,157.0,0.0,157.0,0.0,217.0,0.0
261,1.8092738845833622,375.0,0.0,15.0,0.0,15.0,0.0,15.0,0.0,15.0,0.0
262,1.853682983147641,216.0,0.0,216.0,0.0,36.0,0.0,36.0,0.0,36.0,0.0
263,1.8352455294523147,375.0,0.0,443.0,0.0,443.0,0.0,443.0,0.0,443.0,0.0
264,1.8274766945794125,375.0,0.0,375.0,0.0,68.0,0.0,68.0,0.0,282.0,0.0
265,1.8164340630625793,375.0,0.0,15.0,0.0,15.0,0.0,496.0,0.0,496.0,0.0
266,1.8795619279741957,363.0,0.0,363.0,0.0,363.0,0.0,363.0,0.0,399.0,0.0
267,1.8472058392885327,216.0,0.0,157.0,0.0,157.0,0.0,157.0,0.0,157.0,0.0
268,1.8810627415381347,363.0,0.0,363.0,0.0,256.0,0.0,256.0,0.0,399.0,0.0
269,1.8671355336740851,216.0,0.0,210.0,0.0,210.0,0.0,210.0,0.0,210.0,0.0
270,1.8576679300066963,216.0,0.0,216.0,0.0,216.0,0.0,216.0,0.0,319.0,0.0
271,1.8497023540432338,216.0,0.0,157.0,0.0,157.0,0.0,157.0,0.0,217.0,0.0
272,1.824365840469498,375.0,0.0,375.0,0.0,68.0,0.0,68.0,0.0,68.0,0.0
273,1.9211563597102614,371.0,0.0,371.0,0.0,371.0,0.0,371.0,0.0,371.0,0.0
274,1.8994479242391513,409.0,0.0,409.0,0.0,409.0,0.0,436.0,0.0,436.0,0.0
275,1.867667379090002,216.0,0.0,210.0,0.0,210.0,0.0,210.0,0.0,210.0,0.0
276,1.9031579928086992,409.0,0.0,38.0,0.0,38.0,0.0,38.0,0.0,38.0,0.0
277,1.876224175022347,363.0,0.0,363.0,0.0,363.0,0.0,363.0,0.0,363.0,0.0
278,1.9297430470578418,371.0,0.0,371.0,0.0,371.0,0.0,371.0,0.0,112.0,0.0
279,1.908143532476415,371.0,0.0,38.0,0.0,38.0,0.0,38.0,0.0,38.0,0.0
280,1.8281623829272762,375.0,0.0,375.0,0.0,68.0,0.0,68.0,0.0,282.0,0.0
281,1.8542589186116203,216.0,0.0,216.0,0.0,36.0,0.0,36.0,0.0,36.0,0.0
282,1.8280022717756301,375.0,0.0,375.0,0.0,68.0,0.0,68.0,0.0,282.0,0.038000000000000006
283,1.8872185658066563,409.0,0.0,409.0,0.0,256.0,0.0,256.0,0.0,385.0,0.0
284,1.9263338211240206,371.0,0.0,371.0,0.0,371.0,0.0,371.0,0.0,371.0,0.0
285,1.8692416796271578,363.0,0.0,210.0,0.0,210.0,0.0,210.0,0.0,210.0,0.0
286,1.895422323717642,409.0,0.0,409.0,0.0,409.0,0.0,409.0,0.0,409.0,0.0
287,1.8718371025415181,363.0,0.0,210.0,0.0,210.0,0.0,210.0,0.0,207.0,0.0
288,1.8619385575760417,216.0,0.0,216.0,0.0,216.0,0.0,216.0,0.0,216.0,0.0
289,1.8764365689279616,363.0,0.0,363.0,0.0,363.0,0.0,363.0,0.0,363.0,0.0
290,1.8496489357003911,216.0,0.0,157.0,0.0,157.0,0.0,157.0,0.0,217.0,0.0
291,1.8478737251071142,216.0,0.0,157.0,0.0,157.0,0.0,157.0,0.0,157.0,0.0
292,1.8632105222469786,216.0,0.0,216.0,0.0,216.0,0.0,216.0,0.0,198.0,0.0
293,1.8367594690489253,375.0,0.0,443.0,0.0,443.0,0.0,443.0,0.0,443.0,0.0
294,1.8778179672891033,363.0,0.0,363.0,0.0,363.0,0.0,363.0,0.0,399.0,0.0
295,1.8428306903690232,375.0,0.0,157.0,0.0,157.0,0.0,298.0,0.0,298.0,0.0
296,1.836862440384166,375.0,0.0,443.0,0.0,443.0,0.0,443.0,0.0,443.0,0.0
297,1.8374759024827683,375.0,0.0,443.0,0.0,443.0,0.0,443.0,0.0,443.0,0.0
298,1.842119658751772,375.0,0.0,157.0,0.0,157.0,0.0,298.0,0.05,298.0,0.05
299,1.768827026132917,375.0,0.0,15.0,0.0,66.0,0.0,26.0,0.0,26.0,0.0
300,1.8279166118156192,375.0,0.0,375.0,0.0,68.0,0.0,68.0,0.0,282.0,0.0
301,1.8746520763342436,363.0,0.0,363.0,0.0,363.0,0.0,363.0,0.0,363.0,0.0
302,1.8859097926625181,409.0,0.0,409.0,0.0,256.0,0.0,256.0,0.0,256.0,0.0
303,1.8374695487466122,375.0,0.0,443.0,0.0,443.0,0.0,443.0,0.0,443.0,0.0
304,1.8423734348761118,375.0,0.0,157.0,0.0,157.0,0.0,298.0,0.0,298.0,0.0
305,1.880457791455671,363.0,0.0,363.0,0.0,256.0,0.0,256.0,0.0,399.0,0.0
306,1.8866019238019422,409.0,0.0,409.0,0.0,256.0,0.0,256.0,0.0,256.0,0.0
307,1.9142784874447518,371.0,0.0,38.0,0.0,38.0,0.0,38.0,0.0,87.0,0.0
308,1.9066623622203978,409.0,0.0,38.0,0.0,38.0,0.0,38.0,0.0,38.0,0.0
309,1.8905626089845464,409.0,0.0,409.0,0.0,409.0,0.0,409.0,0.0,385.0,0.0
310,1.8706950137561287,363.0,0.0,210.0,0.0,210.0,0.0,210.0,0.0,207.0,0.0
311,1.889220227682744,409.0,0.0,409.0,0.0,409.0,0.0,409.0,0.0,385.0,0.0
312,1.8487198593060694,216.0,0.0,157.0,0.0,157.0,0.0,157.0,0.0,217.0,0.0
313,1.7877779776566287,375.0,0.0,15.0,0.0,66.0,0.0,66.0,0.0,66.0,0.0
314,1.8460865241556172,216.0,0.0,157.0,0.0,157.0,0.0,157.0,0.0,157.0,0.0
315,1.8794544017924644,363.0,0.0,363.0,0.0,363.0,0.0,363.0,0.0,399.0,0.0
316,1.8539551682737172,216.0,0.0,216.0,0.0,36.0,0.0,36.0,0.0,36.0,0.0
317,1.90965804059753,371.0,0.0,38.0,0.0,38.0,0.0,38.0,0.0,38.0,0.0
318,1.870952205847912,363.0,0.0,210.0,0.0,210.0,0.0,210.0,0.0,207.0,0.0
319,1.8575828368306033,216.0,0.0,216.0,0.0,216.0,0.0,216.0,0.0,319.0,0.038000000000000006
320,1.8622263264744383,216.0,0.0,216.0,0.0,216.0,0.0,216.0,0.0,216.0,0.0
321,1.8596998048188644,216.0,0.0,216.0,0.0,216.0,0.0,216.0,0.0,216.0,0.0
322,1.891754981156966,409.0,0.0,409.0,0.0,409.0,0.0,409.0,0.0,385.0,0.0
323,1.8746464435610757,363.0,0.0,363.0,0.0,363.0,0.0,363.0,0.0,363.0,0.0
324,1.8701226685759982,363.0,0.0,210.0,0.0,210.0,0.0,210.0,0.0,207.0,0.0
325,1.8738965013927922,363.0,0.0,363.0,0.0,363.0,0.0,363.0,0.0,363.0,0.0
326,1.8487614917985973,216.0,0.0,157.0,0.0,157.0,0.0,157.0,0.0,217.0,0.0
327,1.8637926227561339,216.0,0.0,216.0,0.0,216.0,0.0,216.0,0.0,198.0,0.0
328,1.8808965010230392,363.0,0.0,363.0,0.0,256.0,0.0,256.0,0.0,399.0,0.0
329,1.836544805716275,375.0,0.0,443.0,0.0,443.0,0.0,443.0,0.0,443.0,0.0
330,1.8894093816451456,409.0,0.0,409.0,0.0,409.0,0.0,409.0,0.0,385.0,0.0
331,1.859590518556673,216.0,0.0,216.0,0.0,216.0,0.0,216.0,0.0,216.0,0.0
332,1.8449034554096881,375.0,0.0,157.0,0.0,157.0,0.0,157.0,0.0,157.0,0.0
333,1.8607449151987803,216.0,0.0,216.0,0.0,216.0,0.0,216.0,0.0,216.0,0.0
334,1.8589132991073725,216.0,0.0,216.0,0.0,216.0,0.0,216.0,0.0,319.0,0.0
335,1.8579819267982522,216.0,0.0,216.0,0.0,216.0,0.0,216.0,0.0,319.0,0.0
336,1.8601175293889685,216.0,0.0,216.0,0.0,216.0,0.0,216.0,0.0,216.0,0.0
337,1.9032327025552938,409.0,0.0,38.0,0.0,38.0,0.0,38.0,0.0,38.0,0.0
338,1.829661010649656,375.0,0.0,375.0,0.0,375.0,0.0,375.0,0.0,282.0,0.0
339,1.8211795155312163,375.0,0.0,15.0,0.0,68.0,0.0,68.0,0.0,68.0,0.0
340,1.8838547464991895,363.0,0.0,363.0,0.0,256.0,0.0,256.0,0.0,256.0,0.0
341,1.8639927134652334,216.0,0.0,216.0,0.0,216.0,0.0,216.0,0.0,198.0,0.0
342,1.842003470489376,375.0,0.0,443.0,0.0,443.0,0.0,298.0,0.0,298.0,0.0
343,1.8488212055008555,216.0,0.0,157.0,0.0,157.0,0.0,157.0,0.0,217.0,0.0
344,1.8121898360813926,375.0,0.0,15.0,0.0,15.0,0.0,15.0,0.0,15.0,0.0
345,1.8803883833771629,363.0,0.0,363.0,0.0,256.0,0.0,256.0,0.0,399.0,0.0
346,1.8671684414752394,216.0,0.0,210.0,0.0,210.0,0.0,210.0,0.0,210.0,0.0
347,1.8540343672354225,216.0,0.0,216.0,0.0,36.0,0.0,36.0,0.0,36.0,0.0
348,1.920280551135821,371.0,0.0,371.0,0.0,371.0,0.0,371.0,0.0,371.0,0.0
349,1.8858777195678489,409.0,0.0,409.0,0.0,256.0,0.0,256.0,0.0,256.0,0.0
350,1.9002170026147676,409.0,0.0,409.0,0.0,409.0,0.0,436.0,0.0,436.0,0.0
351,1.9255463381623366,371.0,0.0,371.0,0.0,371.0,0.0,371.0,0.0,371.0,0.0
352,1.8429666195479455,375.0,0.0,157.0,0.0,157.0,0.0,298.0,0.0,298.0,0.0
353,1.8554235600311224,216.0,0.0,216.0,0.0,36.0,0.0,36.0,0.0,36.0,0.0
354,1.8517773262312458,216.0,0.0,157.0,0.0,36.0,0.0,36.0,0.0,36.0,0.0
355,1.9364532345671102,371.0,0.0,371.0,0.0,6.0,0.0,6.0,0.0,112.0,0.0
356,1.8288299747044388,375.0,0.0,375.0,0.0,375.0,0.0,375.0,0.0,282.0,0.0
357,1.86370497684977,216.0,0.0,216.0,0.0,216.0,0.0,216.0,0.0,198.0,0.0
358,1.8969437550236896,409.0,0.0,409.0,0.0,409.0,0.0,436.0,0.0,436.0,0.0
359,1.8978151622543193,409.0,0.0,409.0,0.0,409.0,0.0,436.0,0.0,436.0,0.0
360,1.8276714025111198,375.0,0.0,375.0,0.0,68.0,0.0,68.0,0.0,282.0,0.0
361,1.7938638475145252,375.0,0.0,15.0,0.0,66.0,0.0,66.0,0.0,66.0,0.0
362,1.8277455159892124,375.0,0.0,375.0,0.0,68.0,0.0,68.0,0.0,282.0,0.0
363,1.876266725698121,363.0,0.19000000000000006,363.0,0.14,363.0,0.09200000000000001,363.0,0.09200000000000001,363.0,0.04600000000000001
364,1.8248689183600053,375.0,0.0,375.0,0.0,68.0,0.0,68.0,0.0,68.0,0.0
365,1.836390409039085,375.0,0.0,443.0,0.0,443.0,0.0,443.0,0.0,443.0,0.0
366,1.8366397452026588,375.0,0.0,443.0,0.0,443.0,0.0,443.0,0.0,443.0,0.0
367,1.8569296966153668,216.0,0.0,216.0,0.0,216.0,0.0,216.0,0.0,319.0,0.0
368,1.8662869543005387,216.0,0.0,210.0,0.0,210.0,0.0,210.0,0.0,210.0,0.0
369,1.8443276991377051,375.0,0.0,157.0,0.0,157.0,0.0,157.0,0.0,157.0,0.0
370,1.8507125447101185,216.0,0.0,157.0,0.0,36.0,0.0,36.0,0.0,217.0,0.0
371,1.92167392945542,371.0,0.07600000000000001,371.0,0.054000000000000006,371.0,0.032,371.0,0.032,371.0,0.022000000000000006
372,1.8314193336291864,375.0,0.0,375.0,0.0,375.0,0.0,375.0,0.0,375.0,0.0
373,1.8620425837172305,216.0,0.0,216.0,0.0,216.0,0.0,216.0,0.0,216.0,0.0
374,1.8363825448207298,375.0,0.0,443.0,0.0,443.0,0.0,443.0,0.0,443.0,0.0
375,1.8317322004406709,375.0,0.3340000000000001,375.0,0.10600000000000001,375.0,0.052000000000000005,375.0,0.052000000000000005,375.0,0.038000000000000006
376,1.8148169602089024,375.0,0.0,15.0,0.0,15.0,0.0,496.0,0.0,496.0,0.0
377,1.8402125849278632,375.0,0.0,443.0,0.0,443.0,0.0,298.0,0.0,298.0,0.0
378,1.8701017526710328,363.0,0.0,210.0,0.0,210.0,0.0,210.0,0.0,207.0,0.0
379,1.8847344809508089,363.0,0.0,363.0,0.0,256.0,0.0,256.0,0.0,256.0,0.0
380,1.8894727883039568,409.0,0.0,409.0,0.0,409.0,0.0,409.0,0.0,385.0,0.0
381,1.8562471977551975,216.0,0.0,216.0,0.0,36.0,0.0,36.0,0.0,319.0,0.0
382,1.8254138163360647,375.0,0.0,375.0,0.0,68.0,0.0,68.0,0.0,68.0,0.0
383,1.846392659132965,216.0,0.0,157.0,0.0,157.0,0.0,157.0,0.0,157.0,0.0
384,1.7998527235167587,375.0,0.0,15.0,0.0,66.0,0.0,66.0,0.0,66.0,0.0
385,1.8896339428945552,409.0,0.0,409.0,0.0,409.0,0.0,409.0,0.0,385.0,0.038000000000000006
386,1.8315029407580785,375.0,0.0,375.0,0.0,375.0,0.0,375.0,0.0,375.0,0.0
387,1.8355514278803096,375.0,0.0,443.0,0.0,443.0,0.0,443.0,0.0,443.0,0.0
388,1.8726816479944666,363.0,0.0,363.0,0.0,363.0,0.0,363.0,0.0,207.0,0.0
389,1.860639831297063,216.0,0.0,216.0,0.0,216.0,0.0,216.0,0.0,216.0,0.0
390,1.8900068520766362,409.0,0.0,409.0,0.0,409.0,0.0,409.0,0.0,385.0,0.0
391,1.938032986693965,371.0,0.0,371.0,0.0,6.0,0.0,6.0,0.0,112.0,0.0
392,1.8250823434762515,375.0,0.0,375.0,0.0,68.0,0.0,68.0,0.0,68.0,0.0
393,1.8371949154740195,375.0,0.0,443.0,0.0,443.0,0.0,443.0,0.0,443.0,0.0
394,1.8382723897055615,375.0,0.0,443.0,0.0,443.0,0.0,443.0,0.0,443.0,0.0
395,1.863708816981178,216.0,0.0,216.0,0.0,216.0,0.0,216.0,0.0,198.0,0.0
396,1.861631592742168,216.0,0.0,216.0,0.0,216.0,0.0,216.0,0.0,216.0,0.0
397,1.8672773290314506,216.0,0.0,210.0,0.0,210.0,0.0,210.0,0.0,210.0,0.0
398,1.8311725359331932,375.0,0.0,375.0,0.0,375.0,0.0,375.0,0.0,375.0,0.0
399,1.879127092699969,363.0,0.0,363.0,0.0,363.0,0.0,363.0,0.0,399.0,0.04600000000000001
400,1.8760770493999757,363.0,0.0,363.0,0.0,363.0,0.0,363.0,0.0,363.0,0.0
401,1.8224897126683708,375.0,0.0,375.0,0.0,68.0,0.0,68.0,0.0,68.0,0.0
402,1.8779227142009585,363.0,0.0,363.0,0.0,363.0,0.0,363.0,0.0,399.0,0.0
403,1.8225848726378762,375.0,0.0,375.0,0.0,68.0,0.0,68.0,0.0,68.0,0.0
404,1.8989082094518974,409.0,0.0,409.0,0.0,409.0,0.0,436.0,0.0,436.0,0.0
405,1.8408155141014242,375.0,0.0,443.0,0.0,443.0,0.0,298.0,0.0,298.0,0.0
406,1.8543575498871805,216.0,0.0,216.0,0.0,36.0,0.0,36.0,0.0,36.0,0.0
407,1.9061785538327989,409.0,0.0,38.0,0.0,38.0,0.0,38.0,0.0,38.0,0.0
408,1.8023255751629743,375.0,0.0,15.0,0.0,66.0,0.0,66.0,0.0,66.0,0.0
409,1.89427783907849,409.0,0.132,409.0,0.10400000000000001,409.0,0.08,409.0,0.048,409.0,0.022000000000000006
410,1.863863336636126,216.0,0.0,216.0,0.0,216.0,0.0,216.0,0.0,198.0,0.0
411,1.8409577591391466,375.0,0.0,443.0,0.0,443.0,0.0,298.0,0.0,298.0,0.0
412,1.8910075238416524,409.0,0.0,409.0,0.0,409.0,0.0,409.0,0.0,385.0,0.0
413,1.8676380559126584,216.0,0.0,210.0,0.0,210.0,0.0,210.0,0.0,210.0,0.0
414,1.876291107464516,363.0,0.0,363.0,0.0,363.0,0.0,363.0,0.0,363.0,0.0
415,1.9222354616123811,371.0,0.0,371.0,0.0,371.0,0.0,371.0,0.0,371.0,0.0
416,1.8520150795319834,216.0,0.0,157.0,0.0,36.0,0.0,36.0,0.0,36.0,0.0
417,1.8833113159928083,363.0,0.0,363.0,0.0,256.0,0.0,256.0,0.0,256.0,0.0
418,1.8280549116072167,375.0,0.0,375.0,0.0,68.0,0.0,68.0,0.0,282.0,0.0
419,2.0,371.0,0.0,371.0,0.0,6.0,0.0,159.0,0.0,419.0,0.002
420,1.8543473401765949,216.0,0.0,216.0,0.0,36.0,0.0,36.0,0.0,36.0,0.0
421,1.8113682357537244,375.0,0.0,15.0,0.0,15.0,0.0,15.0,0.0,15.0,0.0
422,1.897344209345221,409.0,0.0,409.0,0.0,409.0,0.0,436.0,0.0,436.0,0.0
423,1.8727784443720012,363.0,0.0,363.0,0.0,363.0,0.0,363.0,0.0,207.0,0.0
424,1.9257865593197292,371.0,0.0,371.0,0.0,371.0,0.0,371.0,0.0,371.0,0.0
425,1.860888474157039,216.0,0.0,216.0,0.0,216.0,0.0,216.0,0.0,216.0,0.0
426,1.9445628417880263,371.0,0.0,371.0,0.0,6.0,0.0,6.0,0.0,6.0,0.0
427,1.8266216126388297,375.0,0.0,375.0,0.0,68.0,0.0,68.0,0.0,282.0,0.0
428,1.855835110827654,216.0,0.0,216.0,0.0,36.0,0.0,36.0,0.0,319.0,0.0
429,1.9194181207852603,371.0,0.0,371.0,0.0,371.0,0.0,371.0,0.0,371.0,0.0
430,1.8698839830643819,363.0,0.0,210.0,0.0,210.0,0.0,210.0,0.0,207.0,0.0
431,1.8180444913932807,375.0,0.0,15.0,0.0,15.0,0.0,496.0,0.0,496.0,0.0
432,1.8222773712269098,375.0,0.0,375.0,0.0,68.0,0.0,68.0,0.0,68.0,0.0
433,1.8759476519893563,363.0,0.0,363.0,0.0,363.0,0.0,363.0,0.0,363.0,0.0
434,1.8640253677835028,216.0,0.0,216.0,0.0,216.0,0.0,216.0,0.0,198.0,0.0
435,1.87884646534095,363.0,0.0,363.0,0.0,363.0,0.0,363.0,0.0,399.0,0.0
436,1.8987178585123663,409.0,0.0,409.0,0.0,409.0,0.0,436.0,0.038000000000000006,436.0,0.038000000000000006
437,1.97240167199559,371.0,0.0,371.0,0.0,6.0,0.0,159.0,0.0,159.0,0.0
438,1.8776651393827293,363.0,0.0,363.0,0.0,363.0,0.0,363.0,0.0,363.0,0.0
439,1.88356756101546,363.0,0.0,363.0,0.0,256.0,0.0,256.0,0.0,256.0,0.0
440,1.8514137453833976,216.0,0.0,157.0,0.0,36.0,0.0,36.0,0.0,217.0,0.0
441,1.8504231596352243,216.0,0.0,157.0,0.0,36.0,0.0,36.0,0.0,217.0,0.0
442,1.9117189976409394,371.0,0.0,38.0,0.0,38.0,0.0,38.0,0.0,87.0,0.0
443,1.8380145669893042,375.0,0.0,443.0,0.10600000000000001,443.0,0.10600000000000001,443.0,0.082,443.0,0.082
444,1.8204167390458852,375.0,0.0,15.0,0.0,68.0,0.0,496.0,0.0,496.0,0.0
445,1.8493533475874,216.0,0.0,157.0,0.0,157.0,0.0,157.0,0.0,217.0,0.0
446,1.8339950652362538,375.0,0.0,375.0,0.0,375.0,0.0,375.0,0.0,375.0,0.0
447,1.87791037578733,363.0,0.0,363.0,0.0,363.0,0.0,363.0,0.0,399.0,0.0
448,1.8755465470366515,363.0,0.0,363.0,0.0,363.0,0.0,363.0,0.0,363.0,0.0
449,1.9405701404830005,371.0,0.0,371.0,0.0,6.0,0.0,6.0,0.0,6.0,0.0
450,1.8807487092859039,363.0,0.0,363.0,0.0,256.0,0.0,256.0,0.0,399.0,0.0
451,1.8663540740144877,216.0,0.0,210.0,0.0,210.0,0.0,210.0,0.0,210.0,0.0
452,1.8941875056305868,409.0,0.0,409.0,0.0,409.0,0.0,409.0,0.0,409.0,0.0
453,1.8508449504503215,216.0,0.0,157.0,0.0,36.0,0.0,36.0,0.0,217.0,0.0
454,1.849917629788781,216.0,0.0,157.0,0.0,36.0,0.0,36.0,0.0,217.0,0.0
455,1.8933842755832508,409.0,0.0,409.0,0.0,409.0,0.0,409.0,0.0,409.0,0.0
456,1.876433989258056,363.0,0.0,363.0,0.0,363.0,0.0,363.0,0.0,363.0,0.0
457,1.797327028971041,375.0,0.0,15.0,0.0,66.0,0.0,66.0,0.0,66.0,0.0
458,1.8607879916246617,216.0,0.0,216.0,0.0,216.0,0.0,216.0,0.0,216.0,0.0
459,1.8505727620248185,216.0,0.0,157.0,0.0,36.0,0.0,36.0,0.0,217.0,0.0
460,1.8985247297343542,409.0,0.0,409.0,0.0,409.0,0.0,436.0,0.0,436.0,0.0
461,1.8868509670657228,409.0,0.0,409.0,0.0,256.0,0.0,256.0,0.0,385.0,0.0
462,1.907136004433589,409.0,0.0,38.0,0.0,38.0,0.0,38.0,0.0,38.0,0.0
463,1.9597140802624164,371.0,0.0,371.0,0.0,6.0,0.0,159.0,0.0,159.0,0.0
464,1.8517461680486362,216.0,0.0,157.0,0.0,36.0,0.0,36.0,0.0,36.0,0.0
465,1.8763655148774638,363.0,0.0,363.0,0.0,363.0,0.0,363.0,0.0,363.0,0.0
466,1.8591261932572516,216.0,0.0,216.0,0.0,216.0,0.0,216.0,0.0,216.0,0.0
467,1.878475012521828,363.0,0.0,363.0,0.0,363.0,0.0,363.0,0.0,399.0,0.0
468,1.874330946745979,363.0,0.0,363.0,0.0,363.0,0.0,363.0,0.0,363.0,0.0
469,1.836625486462584,375.0,0.0,443.0,0.0,443.0,0.0,443.0,0.0,443.0,0.0
470,1.8290109678642517,375.0,0.0,375.0,0.0,375.0,0.0,375.0,0.0,282.0,0.0
471,1.7976506881965728,375.0,0.0,15.0,0.0,66.0,0.0,66.0,0.0,66.0,0.0
472,1.8269013974008852,375.0,0.0,375.0,0.0,68.0,0.0,68.0,0.0,282.0,0.0
473,1.8378431958027373,375.0,0.0,443.0,0.0,443.0,0.0,443.0,0.0,443.0,0.0
474,1.8146801200171627,375.0,0.0,15.0,0.0,15.0,0.0,496.0,0.0,496.0,0.0
475,1.8644980574803427,216.0,0.0,210.0,0.0,210.0,0.0,210.0,0.0,198.0,0.0
476,1.8379199767889038,375.0,0.0,443.0,0.0,443.0,0.0,443.0,0.0,443.0,0.0
477,1.859775103721074,216.0,0.0,216.0,0.0,216.0,0.0,216.0,0.0,216.0,0.0
478,1.8395278235251404,375.0,0.0,443.0,0.0,443.0,0.0,443.0,0.0,443.0,0.0
479,1.8320961532583688,375.0,0.0,375.0,0.0,375.0,0.0,375.0,0.0,375.0,0.0
480,1.8972429047724173,409.0,0.0,409.0,0.0,409.0,0.0,436.0,0.0,436.0,0.0
481,1.8931621184996261,409.0,0.0,409.0,0.0,409.0,0.0,409.0,0.0,409.0,0.0
482,1.8383688188954372,375.0,0.0,443.0,0.0,443.0,0.0,443.0,0.0,443.0,0.0
483,1.8692106424651302,363.0,0.0,210.0,0.0,210.0,0.0,210.0,0.0,210.0,0.0
484,1.824033944918928,375.0,0.0,375.0,0.0,68.0,0.0,68.0,0.0,68.0,0.0
485,1.8840303052238458,363.0,0.0,363.0,0.0,256.0,0.0,256.0,0.0,256.0,0.0
486,1.87366644407625,363.0,0.0,363.0,0.0,363.0,0.0,363.0,0.0,207.0,0.0
487,1.8164323013996149,375.0,0.0,15.0,0.0,15.0,0.0,496.0,0.0,496.0,0.0
488,1.8776696859031672,363.0,0.0,363.0,0.0,363.0,0.0,363.0,0.0,363.0,0.0
489,1.890805928085477,409.0,0.0,409.0,0.0,409.0,0.0,409.0,0.0,385.0,0.0
490,1.8761107076483887,363.0,0.0,363.0,0.0,363.0,0.0,363.0,0.0,363.0,0.0
491,1.8747911240735808,363.0,0.0,363.0,0.0,363.0,0.0,363.0,0.0,363.0,0.0
492,1.8620212506901388,216.0,0.0,216.0,0.0,216.0,0.0,216.0,0.0,216.0,0.0
493,1.8984082277057728,409.0,0.0,409.0,0.0,409.0,0.0,436.0,0.0,436.0,0.0
494,1.86305376113686,216.0,0.0,216.0,0.0,216.0,0.0,216.0,0.0,198.0,0.0
495,1.7900112351134383,375.0,0.0,15.0,0.0,66.0,0.0,66.0,0.0,66.0,0.0
496,1.8172484200034873,375.0,0.0,15.0,0.0,15.0,0.0,496.0,0.034,496.0,0.034
497,1.8255167359646554,375.0,0.0,375.0,0.0,68.0,0.0,68.0,0.0,68.0,0.0
498,1.9081855550934368,371.0,0.0,38.0,0.0,38.0,0.0,38.0,0.0,38.0,0.0
499,1.8729346537825764,363.0,0.0,363.0,0.0,363.0,0.0,363.0,0.0,207.0,0.0
